{"cameraMode":{"drawMode":0,"name":"Shaded","section":"Shading Mode"},"sceneLighting":true,"audioPlay":false,"sceneViewState":{"m_AlwaysRefresh":false,"showFog":true,"showSkybox":true,"showFlares":true,"showImageEffects":true,"showParticleSystems":true,"showVisualEffectGraphs":true,"m_FxEnabled":true},"in2DMode":false,"pivot":{"x":-0.07661888748407364,"y":-0.4504954218864441,"z":0.7661153078079224},"rotation":{"x":-0.19406403601169587,"y":-0.008242828771471978,"z":0.0016308185877278448,"w":-0.9809574484825134},"size":0.2660253643989563,"orthographic":false}