{"cameraMode":{"drawMode":0,"name":"Shaded","section":"Shading Mode"},"sceneLighting":true,"audioPlay":false,"sceneViewState":{"m_AlwaysRefresh":false,"showFog":true,"showSkybox":true,"showFlares":true,"showImageEffects":true,"showParticleSystems":true,"showVisualEffectGraphs":true,"m_FxEnabled":true},"in2DMode":false,"pivot":{"x":2.3029117584228517,"y":5.845795631408691,"z":7.087440490722656},"rotation":{"x":0.15625372529029847,"y":-0.004445200320333242,"z":0.0007021066267043352,"w":0.9877111315727234},"size":13.037775039672852,"orthographic":false}